<?xml version="1.0" encoding="UTF-8" standalone="yes"?>
<addon id="script.service.brokensubs" name="BrokenSubs" version="0.2.0" provider-name="iamninja">
	<requires>
		<import addon="xbmc.python" version="2.25.0" />
		<import addon="script.module.beautifulsoup4" version="4.5.3"/>
    	<import addon="script.module.requests" version="2.9.1"/>
	</requires>
	<extension point="xbmc.subtitle.module" library="main.py" />
	<extension point="xbmc.addon.metadata">
		<summary lang="en">Brokenspacebars subtitle service</summary>
		<description lang="en">A subtitle service for Kodi. Download subtittles from addic7ed.com</description>
		<disclaimer lang="en"></disclaimer>
		<email>bagios234@gmail.com</email>
		<platform>all</platform>
		<language></language>
		<forum></forum>
		<website></website>
		<source></source>
		<news></news>
		<disclaimer></disclaimer>
		<assets>
			<icon>resources/assets/icon.png</icon>
			<fanart>resources/assets/fanart.jpg</fanart>
		</assets>
	</extension>
</addon>
