<?xml version="1.0" encoding="UTF-8"?>
<window>
	<!-- addonbrowser -->
	<backgroundcolor>0x00000000</backgroundcolor>
	<defaultcontrol always="true">500</defaultcontrol>
	<views>500</views>

	<controls>

		<!-- Background -->
		<include>WindowBackgroundImage</include>

		<!-- Time -->
		<include>Time</include>

		<control type="group">

			<!-- Image -->
			<control type="image">
				<left>120</left>
				<top>225</top>
				<width>405</width>
				<height>600</height>
				<texture>$INFO[ListItem.Icon]</texture>
				<colordiffuse>OverlayColorFO</colordiffuse>
				<aspectratio aligny="center">keep</aspectratio>
			</control>

			<!-- List -->
			<control type="fixedlist" id="500">
				<left>750</left>
				<centertop>50%</centertop>
				<width>1050</width>
				<height>720</height>
				<onup>500</onup>
				<ondown>500</ondown>
				<onleft>60</onleft>
				<onright condition="!Skin.HasSetting(KioskMode)">3001</onright>
				<pagecontrol>60</pagecontrol>
				<focusposition>4</focusposition>
				<orientation>vertical</orientation>
				<viewtype label="535">list</viewtype>
				<scrolltime tween="sine" easing="out">240</scrolltime>
				<visible>!String.IsEmpty(Container.FolderPath)</visible>

				<itemlayout height="72" width="1050">
					<control type="label">
						<left>32</left>
						<top>0</top>
						<width>1018</width>
						<height>72</height>
						<font>Font36</font>
						<label>[LIGHT]$INFO[ListItem.Label][/LIGHT]</label>
						<textcolor>TextColor2</textcolor>
					</control>
				</itemlayout>

				<focusedlayout height="144" width="1050">
					<control type="label">
						<left>32</left>
						<top>0</top>
						<width>1018</width>
						<height>144</height>
						<font>Font72</font>
						<label>[B]$INFO[ListItem.Label][/B]</label>
						<textcolor>TextColor1</textcolor>
						<animation effect="fade" start="100" end="50" time="200" tween="cubic" easing="out" reversible="true" condition="!Control.HasFocus(500)">Conditional</animation>
						<visible>String.IsEmpty(ListItem.Label2)</visible>
					</control>
					<control type="group">
						<visible>!String.IsEmpty(ListItem.Label2)</visible>
						<control type="label">
							<left>32</left>
							<top>25</top>
							<width>1018</width>
							<height>48</height>
							<font>Font48</font>
							<label>[B]$VAR[Label1][/B]</label>
							<textcolor>TextColor1</textcolor>
							<animation effect="fade" start="100" end="50" time="200" tween="cubic" easing="out" reversible="true" condition="!Control.HasFocus(500)">Conditional</animation>
						</control>
						<control type="label">
							<left>32</left>
							<top>82</top>
							<width>1018</width>
							<height>27</height>
							<font>Font27</font>
							<label>$INFO[ListItem.Label2]</label>
							<textcolor>TextColor1</textcolor>
							<animation effect="fade" start="100" end="50" time="200" tween="cubic" easing="out" reversible="true" condition="!Control.HasFocus(500)">Conditional</animation>
						</control>
					</control>
				</focusedlayout>

			</control>

			<!-- Scrollbar (list) -->
			<control type="scrollbar" id="60">
				<left>690</left>
				<centertop>50%</centertop>
				<width>20</width>
				<height>720</height>
				<onleft condition="!Skin.HasSetting(KioskMode)">3001</onleft>
				<onright>500</onright>
				<showonepage>false</showonepage>
				<orientation>vertical</orientation>
				<colordiffuse>OverlayColorNF</colordiffuse>
				<texturesliderbackground border="9,1,6,1">common/ScrollBackground.png</texturesliderbackground>
				<texturesliderbar border="8,1,6,1">common/ScrollbarGripNF.png</texturesliderbar>
				<texturesliderbarfocus border="8,1,6,1" colordiffuse="DialogColor1">common/ScrollbarGripFO.png</texturesliderbarfocus>
				<textureslidernib>-</textureslidernib>
				<textureslidernibfocus>-</textureslidernibfocus>
				<visible>!Skin.HasSetting(Scrollbars) + Control.IsVisible(500)</visible>
			</control>

			<!-- Item count -->
			<include>ItemCount</include>

			<!-- Options -->
			<control type="group" id="9002">
				<control type="image">
					<include>FullscreenDimensions</include>
					<texture colordiffuse="DarkenColor">dialogs/DialogTextBackground.png</texture>
					<animation effect="fade" start="0" end="100" time="200">Visible</animation>
					<animation effect="fade" start="100" end="0" time="200">Hidden</animation>
					<visible>ControlGroup(9002).HasFocus</visible>
				</control>
				<control type="group">
					<left>-450</left>
					<top>0</top>
					<animation effect="slide" start="0,0" end="450,0" time="200" condition="ControlGroup(9002).HasFocus">Conditional</animation>
					<control type="button">
						<left>0</left>
						<top>0</top>
						<width>460</width>
						<height>1080</height>
						<onclick>noop</onclick>
					</control>

					<control type="image">
						<left>0</left>
						<top>0</top>
						<width>450</width>
						<height>1080</height>
						<texture colordiffuse="$VAR[OverlayColor]">dialogs/Background.png</texture>
					</control>

					<!-- Look controls -->
					<control type="grouplist" id="3001">
						<left>20</left>
						<top>10</top> <!-- -10 because there are two spacers -->
						<width>410</width>
						<height>1040</height>
						<onup>noop</onup>
						<ondown>noop</ondown>
						<onleft>500</onleft>
						<onright>500</onright>
						<scrolltime>200</scrolltime>
						<orientation>vertical</orientation>
						<itemgap>0</itemgap>
						<defaultcontrol always="true">99</defaultcontrol>

						<include content="SideMenuAnimation">
							<param name="containerID">3001</param>
						</include>

						<!-- View -->
						<!--control type="button" id="99">
							<height>52</height>
							<label>$INFO[Container.ViewMode]</label>
							<onclick>Container.NextViewMode</onclick>
						</control-->
						<!-- Scrollbars -->
						<control type="radiobutton" id="94">
							<height>52</height>
							<label>31005</label>
							<onclick>Skin.ToggleSetting(Scrollbars)</onclick>
							<selected>!Skin.HasSetting(Scrollbars)</selected>
						</control>


						<control type="image" id="80">
							<left>0</left>
							<top>0</top>
							<width>410</width>
							<height>10</height>
							<texture>transparent.png</texture>
						</control>


						<!-- Sort by -->
						<control type="button" id="3">
							<height>52</height>
							<label>103</label>
							<visible>Control.IsEnabled(3)</visible>
						</control>
						<!-- Sort ascending/descending -->
						<control type="togglebutton" id="4">
							<height>52</height>
							<label>584</label>
							<altlabel>585</altlabel>
							<usealttexture>Container.SortDirection(Descending)</usealttexture>
							<visible>Control.IsEnabled(4)</visible>
						</control>
						<!-- Filter -->
						<control type="edit" id="19">
							<height>52</height>
							<label>587</label>
							<visible>Container.CanFilter + !Container.CanFilterAdvanced</visible>
						</control>
						<!-- Filter -->
						<control type="radiobutton" id="93">
							<height>52</height>
							<label>587</label>
							<onclick>right</onclick>
							<onclick>Filter</onclick>
							<selected>Container.Filtered</selected>
							<visible>Container.CanFilterAdvanced</visible>
						</control>


						<control type="image" id="81">
							<left>0</left>
							<top>0</top>
							<width>410</width>
							<height>10</height>
							<texture colordiffuse="$VAR[OverlayColor]">transparent.png</texture>
						</control>


						<!-- Check for updates -->
						<control type="button" id="9">
							<height>52</height>
							<label>24034</label>
							<visible>Control.IsEnabled(9)</visible>
						</control>
						<!-- Settings -->
						<control type="button" id="5">
							<height>52</height>
							<label>10004</label>
							<visible>Control.IsEnabled(5)</visible>
						</control>
						<!-- Language -->
						<control type="radiobutton" id="7">
							<height>52</height>
							<label>25001</label>
							<visible>Control.IsEnabled(7)</visible>
						</control>
					</control>
				</control>
			</control>

		</control>

	</controls>

</window>