<?xml version="1.0" encoding="UTF-8"?>
<window>
	<!-- visualisation -->
	<defaultcontrol>-</defaultcontrol>
	<onload condition="System.HasAddon(script.artistslideshow)">RunScript(script.artistslideshow)</onload>

	<controls>

		<!-- Background -->
		<include>WindowBackgroundImage</include>

		<!-- Visualisation -->
		<control type="visualisation" id="2">
			<include>FullscreenDimensions</include>
			<visible>Player.HasAudio</visible>
		</control>

		<!-- Now Playing Information -->
		<control type="group">
			<visible>Player.ShowInfo</visible>
			<include>VisibleFadeAnimation</include>
			<include>WindowFadeAnimation</include>

			<control type="image">
				<right>980</right>
				<centertop>50%</centertop>
				<width>405</width>
				<height>405</height>
				<fadetime>200</fadetime>
				<texture background="true">$INFO[MusicPlayer.Cover]</texture>
				<aspectratio aligny="center">keep</aspectratio>
			</control>

			<!-- Now playing -->
			<control type="label">
				<left>980</left>
				<top>300</top>
				<width>960</width>
				<height>300</height>
				<label>$INFO[MusicPlayer.Artist,,[CR]]$INFO[MusicPlayer.Album,,[CR]]$INFO[MusicPlayer.TrackNumber,[LIGHT],.[/LIGHT] ]$INFO[Player.Title,,[CR]]$INFO[VideoPlayer.ChannelName,[LIGHT],[/LIGHT]]</label>
			</control>

			<!-- Next playing -->
			<control type="label">
				<left>980</left>
				<bottom>250</bottom>
				<width>960</width>
				<height>300</height>
				<font>font27</font>
				<label>$VAR[MusicNextPlaying,[LIGHT]$LOCALIZE[209]:[/LIGHT][CR],]</label>
				<visible>!String.IsEmpty(MusicPlayer.Offset(1).Title)</visible>
			</control>
		</control>

		<control type="group">
			<visible>!Window.IsActive(seekbar) + [Window.IsActive(musicosd) | Player.ShowInfo]</visible>
			<animation type="Visible" condition="!Window.IsActive(seekbar)">
				<effect type="zoom" start="90" end="100" center="auto" tween="back" easing="out" time="200"/>
				<effect type="fade" start="0" end="100" time="200"/>
			</animation>
			<animation type="Hidden" condition="!Window.IsActive(seekbar)">
				<effect type="zoom" start="100" end="90" center="auto" easing="in" time="200"/>
				<effect type="fade" start="100" end="0" time="200"/>
			</animation>
			<animation effect="slide" end="0,-75" time="200" condition="Window.IsVisible(musicosd) + Player.ShowInfo">Conditional</animation>
			<animation effect="slide" end="0,-75" time="0" condition="Window.IsVisible(musicosd) + !Player.ShowInfo">Conditional</animation>

			<!-- Player forwarding/rewinding -->
			<control type="group">
				<left>150</left>
				<top>870</top>
				<width>140</width>
				<height>60</height>
				<animation type="WindowOpen" condition="!Window.IsActive(seekbar)">
					<effect type="zoom" start="90" end="100" center="auto" tween="back" easing="out" time="200"/>
					<effect type="fade" start="0" end="100" time="200"/>
				</animation>
				<animation type="WindowClose" condition="!Window.IsActive(seekbar)">
					<effect type="zoom" start="100" end="90" center="auto" easing="in" time="200"/>
					<effect type="fade" start="100" end="0" time="200"/>
				</animation>
				<visible>player.forwarding | player.rewinding | player.paused | player.istempo</visible>

				<!-- Background -->
				<control type="image">
					<width>140</width>
					<height>60</height>
					<texture colordiffuse="$VAR[OverlayColor]">dialogs/Background.png</texture>
				</control>

				<!-- Status -->
				<control type="label">
					<width>140</width>
					<height>60</height>
					<font>Font36</font>
					<align>center</align>
					<label>$VAR[PlayerStatus]</label>
					<textcolor>DialogColor2</textcolor>
				</control>

				<!-- Pause -->
				<control type="image">
					<left>40</left>
					<width>60</width>
					<height>60</height>
					<texture>osd/OSDPauseNF.png</texture>
					<visible>player.paused</visible>
				</control>

			</control>

			<!-- Player skipping -->
			<control type="group">
				<right>150</right>
				<top>870</top>
				<width>140</width>
				<height>60</height>
				<animation type="WindowOpen" condition="!Window.IsActive(seekbar)">
					<effect type="zoom" start="90" end="100" center="auto" tween="back" easing="out" time="200"/>
					<effect type="fade" start="0" end="100" time="200"/>
				</animation>
				<animation type="WindowClose" condition="!Window.IsActive(seekbar)">
					<effect type="zoom" start="100" end="90" center="auto" easing="in" time="200"/>
					<effect type="fade" start="100" end="0" time="200"/>
				</animation>
				<visible>Integer.IsGreater(MusicPlayer.PlaylistLength,0)</visible>

				<!-- Background -->
				<control type="image">
					<width>140</width>
					<height>60</height>
					<texture colordiffuse="$VAR[OverlayColor]">dialogs/Background.png</texture>
				</control>

				<!-- Status -->
				<control type="label">
					<width>140</width>
					<height>60</height>
					<font>Font27</font>
					<align>center</align>
					<label>[B]$INFO[MusicPlayer.PlaylistPosition,(,/]$INFO[MusicPlayer.PlaylistLength,,)][/B]</label>
					<textcolor>DialogColor2</textcolor>
				</control>

			</control>

			<!-- Progress -->
			<control type="group">
				<left>150</left>
				<top>945</top>
				<width>1620</width>
				<height>60</height>
				<animation type="WindowOpen" condition="!Window.IsActive(seekbar)">
					<effect type="zoom" start="90" end="100" center="auto" tween="back" easing="out" time="200"/>
					<effect type="fade" start="0" end="100" time="200"/>
				</animation>
				<animation type="WindowClose" condition="!Window.IsActive(seekbar)">
					<effect type="zoom" start="100" end="90" center="auto" easing="in" time="200"/>
					<effect type="fade" start="100" end="0" time="200"/>
				</animation>

				<!-- Background -->
				<control type="image">
					<width>1620</width>
					<height>60</height>
					<texture colordiffuse="$VAR[OverlayColor]">dialogs/Background.png</texture>
				</control>

				<!--  Current position/Time remaining -->
				<control type="label">
					<left>20</left>
					<width>260</width>
					<height>60</height>
					<font>Font27</font>
					<textcolor>DialogColor2</textcolor>
					<label>$INFO[Player.Time] / $INFO[Player.Duration]</label>
				</control>

				<!--  Progress bar -->
				<control type="progress" id="1">
					<left>280</left>
					<top>20</top>
					<width>920</width>
					<height>20</height>
					<info>Player.Progress</info>
					<texturebg border="2">osd/OSDProgressBack.png</texturebg>
					<lefttexture>-</lefttexture>
					<midtexture border="2">osd/OSDProgressBar.png</midtexture>
					<righttexture>-</righttexture>
					<overlaytexture>-</overlaytexture>
				</control>

				<!--  Cache bar -->
				<control type="progress" id="1">
					<left>280</left>
					<top>20</top>
					<width>920</width>
					<height>20</height>
					<info>Player.ProgressCache</info>
					<texturebg colordiffuse="DialogColor2" border="2">osd/OSDProgressBack.png</texturebg>
					<lefttexture>-</lefttexture>
					<midtexture colordiffuse="OSDCache" border="2">osd/OSDProgressBar.png</midtexture>
					<righttexture>-</righttexture>
					<overlaytexture>-</overlaytexture>
				</control>

				<!-- Current Time/End Time -->
				<control type="label">
					<left>1001</left>
					<width>600</width>
					<height>60</height>
					<align>right</align>
					<font>Font27</font>
					<textcolor>DialogColor2</textcolor>
					<label>$INFO[System.Time,$LOCALIZE[142] , / ]$INFO[Player.FinishTime,$LOCALIZE[19081] ]</label>
				</control>

			</control>

		</control>

	</controls>

</window>